"DO NOT MODIFY OR REMOVE - Component ID","English (US)","Croatian","Czech","Dutch","French","German","Hungarian","Italian","Polish","Portuguese","Romanian","Slovak","Spanish"
"njFz_53-zG","What you get with Pro","Što dobivaš uz Pro","Co získáš s Pro","Wat je krijgt met Pro","Ce que tu obtiens avec Pro","Das bekommst du mit Pro","Mit kapsz a Próval","Cosa ottieni con Pro","Co zyskujesz z Pro","O que ganhas com o Pro","Ce primești cu Pro","Čo získaš s Pro","Lo que obtienes con Pro"
"T2VMVeS3wv","📡 Works with zero bars
Repeater & activation data, even with no signal.","📡 Radi bez signala
Podaci o repetitorima i aktivacijama i bez signala.","📡 Funguje bez signálu
Data převaděčů a aktivací i bez signálu.","📡 Werkt zonder bereik
Repeater- en activatiedata, ook zonder bereik.","📡 Fonctionne sans réseau
Relais et activations, même sans réseau.","📡 Funktioniert ohne Empfang
Relais- und Aktivierungsdaten, auch ohne Empfang.","📡 Térerő nélkül is megy
Átjátszó- és aktivációs adatok térerő nélkül is.","📡 Funziona senza segnale
Dati di ponti e attivazioni anche senza segnale.","📡 Działa bez zasięgu
Dane przemienników i aktywacji nawet bez zasięgu.","📡 Funciona sem rede
Dados de repetidores e ativações, mesmo sem rede.","📡 Merge fără semnal
Date despre relee și activări, chiar fără semnal.","📡 Funguje bez signálu
Dáta prevádzačov a aktivácií aj bez signálu.","📡 Funciona sin cobertura
Datos de repetidores y activaciones, sin cobertura."
"a70c33de6c","✓","✓","✓","✓","✓","✓","✓","✓","✓","✓","✓","✓","✓"
"6Peq-0nRKg","🛰️ Repeaters you can reach
Which repeaters you can hit, with signal levels.","🛰️ Repetitori u tvom dosegu
Koje repetitore hvataš, s razinama signala.","🛰️ Převaděče ve tvém dosahu
Které převaděče chytíš, s úrovněmi signálu.","🛰️ Repeaters die je haalt
Welke repeaters je haalt, met signaalsterkte.","🛰️ Les relais que tu touches
Quels relais tu touches, avec les niveaux de signal.","🛰️ Erreichbare Relais
Welche Relais du erreichst – mit Signalstärke.","🛰️ Elérhető átjátszók
Mely átjátszókat éred el, jelszintekkel.","🛰️ I ponti che prendi davvero
Quali ponti prendi, con i livelli di segnale.","🛰️ Przemienniki w zasięgu
Które przemienniki złapiesz, z poziomami sygnału.","🛰️ Repetidores ao teu alcance
Que repetidores alcanças, com níveis de sinal.","🛰️ Releele pe care le prinzi
Ce relee prinzi, cu niveluri de semnal.","🛰️ Prevádzače v tvojom dosahu
Ktoré prevádzače chytíš, s úrovňami signálu.","🛰️ Repetidores a tu alcance
Qué repetidores alcanzas, con niveles de señal."
"e685f9890d","✓","✓","✓","✓","✓","✓","✓","✓","✓","✓","✓","✓","✓"
"1Cq_cRos6U","📶 Real coverage, any repeater
See a repeater's RF footprint before you drive out.","📶 Stvarna pokrivenost svakog repetitora
Vidi RF pokrivenost repetitora prije nego kreneš.","📶 Skutečné pokrytí každého převaděče
Podívej se na RF pokrytí převaděče, než vyrazíš.","📶 Echte dekking, elke repeater
Zie de RF-dekking van een repeater vóór je vertrekt.","📶 Couverture réelle, chaque relais
Vois la couverture RF d'un relais avant de partir.","📶 Echte Abdeckung, jedes Relais
Sieh die RF-Abdeckung eines Relais, bevor du losfährst.","📶 Valós lefedettség, minden átjátszó
Nézd meg egy átjátszó RF-lefedettségét, mielőtt elindulsz.","📶 Copertura reale di ogni ponte
Vedi la copertura RF di un ponte prima di partire.","📶 Realny zasięg każdego przemiennika
Zobacz zasięg RF przemiennika, zanim wyruszysz.","📶 Cobertura real de cada repetidor
Vê a cobertura RF de um repetidor antes de saíres.","📶 Acoperire reală, orice releu
Vezi acoperirea RF a unui releu înainte să pleci.","📶 Skutočné pokrytie každého prevádzača
Pozri si RF pokrytie prevádzača, než vyrazíš.","📶 Cobertura real de cada repetidor
Mira la cobertura RF de un repetidor antes de salir."
"f5caf10ca1","✓","✓","✓","✓","✓","✓","✓","✓","✓","✓","✓","✓","✓"
"2f31dc07cd","💙 Helps keep the app free
You keep HamQRG free for every operator.","💙 Pomaže da app ostane besplatna
Održavaš HamQRG besplatnim za svakog operatora.","💙 Pomáhá udržet aplikaci zdarma
Udržíš HamQRG zdarma pro každého operátora.","💙 Houdt de app gratis
Jij houdt HamQRG gratis voor elke operator.","💙 Aide à garder l'app gratuite
Tu gardes HamQRG gratuit pour chaque opérateur.","💙 Hält die App kostenlos
Du hältst HamQRG für jeden Funkamateur kostenlos.","💙 Segít ingyenesen tartani az appot
Te tartod ingyenesen a HamQRG-t minden operátornak.","💙 Aiuta a tenere l'app gratis
Tieni HamQRG gratis per ogni radioamatore.","💙 Pomaga utrzymać aplikację za darmo
Utrzymujesz HamQRG za darmo dla każdego operatora.","💙 Ajuda a manter a app grátis
Manténs o HamQRG grátis para cada operador.","💙 Ajută la menținerea aplicației gratuite
Menții HamQRG gratuit pentru fiecare operator.","💙 Pomáha udržať aplikáciu zadarmo
Udržíš HamQRG zadarmo pre každého operátora.","💙 Ayuda a mantener la app gratis
Mantienes HamQRG gratis para cada operador."
"feb45d85de","✓","✓","✓","✓","✓","✓","✓","✓","✓","✓","✓","✓","✓"
"T-H24vWCXE","BEST VALUE","NAJBOLJA VRIJEDNOST","NEJLEPŠÍ HODNOTA","BESTE WAARDE","MEILLEURE OFFRE","BESTER WERT","LEGJOBB ÁR-ÉRTÉK","MIGLIOR VALORE","NAJLEPSZA WARTOŚĆ","MELHOR VALOR","CEL MAI BUN PREȚ","NAJLEPŠIA HODNOTA","MEJOR VALOR"
"fcc4f6dddd","Annual, {{ product.price_per_period }}","Godišnje, {{ product.price_per_period }}","Ročně, {{ product.price_per_period }}","Jaarlijks, {{ product.price_per_period }}","Annuel, {{ product.price_per_period }}","Jährlich, {{ product.price_per_period }}","Éves, {{ product.price_per_period }}","Annuale, {{ product.price_per_period }}","Rocznie, {{ product.price_per_period }}","Anual, {{ product.price_per_period }}","Anual, {{ product.price_per_period }}","Ročne, {{ product.price_per_period }}","Anual, {{ product.price_per_period }}"
"4851f1a6c5","Try free for {{ product.offer_period_with_unit }}, then {{ product.price_per_period_abbreviated }}","Isprobaj besplatno {{ product.offer_period_with_unit }}, zatim {{ product.price_per_period_abbreviated }}","Vyzkoušej zdarma na {{ product.offer_period_with_unit }}, poté {{ product.price_per_period_abbreviated }}","Probeer {{ product.offer_period_with_unit }} gratis, daarna {{ product.price_per_period_abbreviated }}","Essai gratuit de {{ product.offer_period_with_unit }}, puis {{ product.price_per_period_abbreviated }}","{{ product.offer_period_with_unit }} gratis testen, dann {{ product.price_per_period_abbreviated }}","Próbáld ki ingyen {{ product.offer_period_with_unit }} ideig, majd {{ product.price_per_period_abbreviated }}","Prova gratis per {{ product.offer_period_with_unit }}, poi {{ product.price_per_period_abbreviated }}","Wypróbuj za darmo przez {{ product.offer_period_with_unit }}, potem {{ product.price_per_period_abbreviated }}","Experimenta grátis durante {{ product.offer_period_with_unit }}, depois {{ product.price_per_period_abbreviated }}","Încearcă gratis {{ product.offer_period_with_unit }}, apoi {{ product.price_per_period_abbreviated }}","Vyskúšaj zadarmo na {{ product.offer_period_with_unit }}, potom {{ product.price_per_period_abbreviated }}","Prueba gratis {{ product.offer_period_with_unit }} y luego {{ product.price_per_period_abbreviated }}"
"af7de56878","Just {{ product.price_per_month }}/mo
Save {{ product.relative_discount }}","Samo {{ product.price_per_month }}/mj.
Uštedi {{ product.relative_discount }}","Jen {{ product.price_per_month }}/měs.
Ušetři {{ product.relative_discount }}","Slechts {{ product.price_per_month }}/mnd
Bespaar {{ product.relative_discount }}","Seulement {{ product.price_per_month }}/mois
Économisez {{ product.relative_discount }}","Nur {{ product.price_per_month }}/Mon.
Spare {{ product.relative_discount }}","Csak {{ product.price_per_month }}/hó
Megtakarítás: {{ product.relative_discount }}","Solo {{ product.price_per_month }}/mese
Risparmia {{ product.relative_discount }}","Tylko {{ product.price_per_month }}/mies.
Oszczędzasz {{ product.relative_discount }}","Apenas {{ product.price_per_month }}/mês
Poupa {{ product.relative_discount }}","Doar {{ product.price_per_month }}/lună
Economisești {{ product.relative_discount }}","Len {{ product.price_per_month }}/mes.
Ušetri {{ product.relative_discount }}","Solo {{ product.price_per_month }}/mes
Ahorra {{ product.relative_discount }}"
"76d8a77c8d","Try free for {{ product.offer_period_with_unit }}, then {{ product.price_per_period_abbreviated }}","Isprobaj besplatno {{ product.offer_period_with_unit }}, zatim {{ product.price_per_period_abbreviated }}","Vyzkoušej zdarma na {{ product.offer_period_with_unit }}, poté {{ product.price_per_period_abbreviated }}","Probeer {{ product.offer_period_with_unit }} gratis, daarna {{ product.price_per_period_abbreviated }}","Essai gratuit de {{ product.offer_period_with_unit }}, puis {{ product.price_per_period_abbreviated }}","{{ product.offer_period_with_unit }} gratis testen, dann {{ product.price_per_period_abbreviated }}","Próbáld ki ingyen {{ product.offer_period_with_unit }} ideig, majd {{ product.price_per_period_abbreviated }}","Prova gratis per {{ product.offer_period_with_unit }}, poi {{ product.price_per_period_abbreviated }}","Wypróbuj za darmo przez {{ product.offer_period_with_unit }}, potem {{ product.price_per_period_abbreviated }}","Experimenta grátis durante {{ product.offer_period_with_unit }}, depois {{ product.price_per_period_abbreviated }}","Încearcă gratis {{ product.offer_period_with_unit }}, apoi {{ product.price_per_period_abbreviated }}","Vyskúšaj zadarmo na {{ product.offer_period_with_unit }}, potom {{ product.price_per_period_abbreviated }}","Prueba gratis {{ product.offer_period_with_unit }} y luego {{ product.price_per_period_abbreviated }}"
"7d6b7ce048","Monthly, {{ product.price_per_period }}
Cancel anytime","Mjesečno, {{ product.price_per_period }}
Otkaži bilo kada","Měsíčně, {{ product.price_per_period }}
Zrušení kdykoli","Maandelijks, {{ product.price_per_period }}
Opzegbaar wanneer je wilt","Mensuel, {{ product.price_per_period }}
Annulable à tout moment","Monatlich, {{ product.price_per_period }}
Jederzeit kündbar","Havi, {{ product.price_per_period }}
Bármikor lemondható","Mensile, {{ product.price_per_period }}
Annulla in qualsiasi momento","Miesięcznie, {{ product.price_per_period }}
Anuluj w każdej chwili","Mensal, {{ product.price_per_period }}
Cancela quando quiseres","Lunar, {{ product.price_per_period }}
Anulezi oricând","Mesačne, {{ product.price_per_period }}
Zrušenie kedykoľvek","Mensual, {{ product.price_per_period }}
Cancela cuando quieras"
"dbfdef973b","Try free for {{ product.offer_period_with_unit }}, then {{ product.price_per_period_abbreviated }}","Isprobaj besplatno {{ product.offer_period_with_unit }}, zatim {{ product.price_per_period_abbreviated }}","Vyzkoušej zdarma na {{ product.offer_period_with_unit }}, poté {{ product.price_per_period_abbreviated }}","Probeer {{ product.offer_period_with_unit }} gratis, daarna {{ product.price_per_period_abbreviated }}","Essai gratuit de {{ product.offer_period_with_unit }}, puis {{ product.price_per_period_abbreviated }}","{{ product.offer_period_with_unit }} gratis testen, dann {{ product.price_per_period_abbreviated }}","Próbáld ki ingyen {{ product.offer_period_with_unit }} ideig, majd {{ product.price_per_period_abbreviated }}","Prova gratis per {{ product.offer_period_with_unit }}, poi {{ product.price_per_period_abbreviated }}","Wypróbuj za darmo przez {{ product.offer_period_with_unit }}, potem {{ product.price_per_period_abbreviated }}","Experimenta grátis durante {{ product.offer_period_with_unit }}, depois {{ product.price_per_period_abbreviated }}","Încearcă gratis {{ product.offer_period_with_unit }}, apoi {{ product.price_per_period_abbreviated }}","Vyskúšaj zadarmo na {{ product.offer_period_with_unit }}, potom {{ product.price_per_period_abbreviated }}","Prueba gratis {{ product.offer_period_with_unit }} y luego {{ product.price_per_period_abbreviated }}"
"875da005da","Lifetime, {{ product.price }} once
Pay once, keep Pro forever","Doživotno, {{ product.price }} jednokratno
Plati jednom, Pro zauvijek","Doživotně, {{ product.price }} jednorázově
Zaplať jednou, Pro navždy","Levenslang, {{ product.price }} eenmalig
Eén keer betalen, Pro voor altijd","À vie, {{ product.price }} une fois
Payez une fois, Pro pour toujours","Lebenslang, {{ product.price }} einmalig
Einmal zahlen, Pro für immer","Örökös, {{ product.price }} egyszer
Fizess egyszer, Pro örökre","A vita, {{ product.price }} una tantum
Paga una volta, tieni Pro per sempre","Dożywotnio, {{ product.price }} jednorazowo
Zapłać raz, Pro na zawsze","Vitalício, {{ product.price }} uma vez
Paga uma vez, Pro para sempre","Pe viață, {{ product.price }} o singură dată
Plătești o dată, Pro pe veci","Doživotne, {{ product.price }} jednorazovo
Zaplať raz, Pro navždy","De por vida, {{ product.price }} una vez
Paga una vez, Pro para siempre"
"c52f9703b7","Try free for {{ product.offer_period_with_unit }}, then {{ product.price_per_period_abbreviated }}","Isprobaj besplatno {{ product.offer_period_with_unit }}, zatim {{ product.price_per_period_abbreviated }}","Vyzkoušej zdarma na {{ product.offer_period_with_unit }}, poté {{ product.price_per_period_abbreviated }}","Probeer {{ product.offer_period_with_unit }} gratis, daarna {{ product.price_per_period_abbreviated }}","Essai gratuit de {{ product.offer_period_with_unit }}, puis {{ product.price_per_period_abbreviated }}","{{ product.offer_period_with_unit }} gratis testen, dann {{ product.price_per_period_abbreviated }}","Próbáld ki ingyen {{ product.offer_period_with_unit }} ideig, majd {{ product.price_per_period_abbreviated }}","Prova gratis per {{ product.offer_period_with_unit }}, poi {{ product.price_per_period_abbreviated }}","Wypróbuj za darmo przez {{ product.offer_period_with_unit }}, potem {{ product.price_per_period_abbreviated }}","Experimenta grátis durante {{ product.offer_period_with_unit }}, depois {{ product.price_per_period_abbreviated }}","Încearcă gratis {{ product.offer_period_with_unit }}, apoi {{ product.price_per_period_abbreviated }}","Vyskúšaj zadarmo na {{ product.offer_period_with_unit }}, potom {{ product.price_per_period_abbreviated }}","Prueba gratis {{ product.offer_period_with_unit }} y luego {{ product.price_per_period_abbreviated }}"
"RKBuvTg6Kn","Unlock Pro — {{ product.price }}","Otključaj Pro — {{ product.price }}","Odemkni Pro — {{ product.price }}","Ontgrendel Pro — {{ product.price }}","Débloquer Pro — {{ product.price }}","Pro freischalten — {{ product.price }}","Pro feloldása — {{ product.price }}","Sblocca Pro — {{ product.price }}","Odblokuj Pro — {{ product.price }}","Desbloquear Pro — {{ product.price }}","Deblochează Pro — {{ product.price }}","Odomkni Pro — {{ product.price }}","Desbloquea Pro — {{ product.price }}"
"wvq0hZwzHN","Redeem my free {{ product.offer_period }}","Iskoristi moj besplatni {{ product.offer_period }}","Uplatnit můj {{ product.offer_period }} zdarma","Mijn gratis {{ product.offer_period }} verzilveren","Activer mon essai gratuit de {{ product.offer_period }}","Meine {{ product.offer_period }} gratis einlösen","Ingyenes {{ product.offer_period }} beváltása","Riscatta il mio {{ product.offer_period }} gratuito","Odbierz mój darmowy {{ product.offer_period }}","Resgatar o meu {{ product.offer_period }} grátis","Revendică {{ product.offer_period }} gratuit","Uplatniť môj {{ product.offer_period }} zadarmo","Canjear mi {{ product.offer_period }} gratis"
"8fd274e7e2","Restore","Obnovi","Obnovit","Herstellen","Restaurer","Wiederherstellen","Visszaállítás","Ripristina","Przywróć","Restaurar","Restaurează","Obnoviť","Restaurar"
"kd1YGYB5ZQ","https://www.apple.com/legal/internet-services/itunes/dev/stdeula/","https://www.apple.com/legal/internet-services/itunes/dev/stdeula/","https://www.apple.com/legal/internet-services/itunes/dev/stdeula/","https://www.apple.com/legal/internet-services/itunes/dev/stdeula/","https://www.apple.com/legal/internet-services/itunes/dev/stdeula/","https://www.apple.com/legal/internet-services/itunes/dev/stdeula/","https://www.apple.com/legal/internet-services/itunes/dev/stdeula/","https://www.apple.com/legal/internet-services/itunes/dev/stdeula/","https://www.apple.com/legal/internet-services/itunes/dev/stdeula/","https://www.apple.com/legal/internet-services/itunes/dev/stdeula/","https://www.apple.com/legal/internet-services/itunes/dev/stdeula/","https://www.apple.com/legal/internet-services/itunes/dev/stdeula/","https://www.apple.com/legal/internet-services/itunes/dev/stdeula/"
"tky121khpo","Terms","Uvjeti","Podmínky","Voorwaarden","Conditions","Nutzungsbedingungen","Feltételek","Termini","Regulamin","Termos","Termeni","Podmienky","Términos"
"04-YpDWnvi","https://www.privacypolicies.com/live/96a03daf-bc1d-41a9-b354-3be9e4961333","https://www.privacypolicies.com/live/96a03daf-bc1d-41a9-b354-3be9e4961333","https://www.privacypolicies.com/live/96a03daf-bc1d-41a9-b354-3be9e4961333","https://www.privacypolicies.com/live/96a03daf-bc1d-41a9-b354-3be9e4961333","https://www.privacypolicies.com/live/96a03daf-bc1d-41a9-b354-3be9e4961333","https://www.privacypolicies.com/live/96a03daf-bc1d-41a9-b354-3be9e4961333","https://www.privacypolicies.com/live/96a03daf-bc1d-41a9-b354-3be9e4961333","https://www.privacypolicies.com/live/96a03daf-bc1d-41a9-b354-3be9e4961333","https://www.privacypolicies.com/live/96a03daf-bc1d-41a9-b354-3be9e4961333","https://www.privacypolicies.com/live/96a03daf-bc1d-41a9-b354-3be9e4961333","https://www.privacypolicies.com/live/96a03daf-bc1d-41a9-b354-3be9e4961333","https://www.privacypolicies.com/live/96a03daf-bc1d-41a9-b354-3be9e4961333","https://www.privacypolicies.com/live/96a03daf-bc1d-41a9-b354-3be9e4961333"
"41d0bb3297","Privacy","Privatnost","Soukromí","Privacy","Confidentialité","Datenschutz","Adatvédelem","Privacy","Prywatność","Privacidade","Confidențialitate","Súkromie","Privacidad"
